x,y
28.147407029755357,0.0854724314457307
7.363474085941383,0.4818156980376165
30.476086452819995,0.102473517907316
34.67397455084802,-0.1338507403259726
37.277423119586345,0.0260573051722936
36.99512551933342,-0.0254996960578831
13.764624729614232,0.247478749658157
0.0309683335188004,0.0939938930420173
5.901009049818563,-0.0971499349892728
22.63445017935812,-0.2273808396753077
3.307747680085251,-0.1197388417535781
30.6412556750152,0.0783646458456704
36.647122337113714,-0.0057102534007128
27.623707268176705,0.069185224884948
25.233034563239,0.070654523137416
16.440634382592812,-0.188910822439429
10.171553305718003,-0.2055477007555235
27.15841978681511,-0.0950447930370537
17.935504228344563,-0.3606988930010348
6.8239316932198975,0.1691523930286095
2.6754639178927944,0.3392872973277898
36.44327236679194,-0.1607598242965258
37.58326154454495,0.0169755669126515
16.432458280322518,-0.1314589554255429
34.87249988997936,0.0005280744869105
27.453570756273347,0.2100131660544136
1.797526117512355,0.921417893495425
5.128628159391276,-0.2830433360708856
18.85343181189653,0.1161470027966711
21.77754264639826,-0.0559826005302055
28.51163285923575,0.2818100655704315
34.629857101880795,0.0236179177332792
17.806555293479953,-0.0903346184905361
25.630621330586983,0.0516712775700369
2.7013122333096904,0.2870254959901789
32.950642032172475,0.0967137034179665
7.474078290903741,0.5333494499515397
33.40752942778987,0.0112972150490205
16.30035106672157,-0.1813768930697632
13.200602928336115,0.1512912095644523
22.500043016494704,-0.1576874337408539
22.127797378748625,-0.1443027219781666
9.36709135540655,0.0050077147380488
36.86424950252047,-0.0562052059308827
35.29518071085157,0.0476884288740992
17.591701935049546,-0.2020435754857024
6.916470484789173,0.1852421906603184
15.423723718174006,-0.1880958730872726
8.248086585023707,0.3581083843685407
27.93646275613932,-0.0784226745368316
25.954822996196697,-0.0663425715478041
19.24539707852292,0.1121272163472813
30.09497111406607,0.0419207961637965
21.292852062881707,0.1780721769179713
36.18251204727225,-0.0361509999400293
29.500827403036823,-0.0025874304023055
9.525560931295775,-0.0680647186169304
17.46744491150387,-0.1581943859323367
24.938888834360064,-0.0119668130713446
15.58529287798616,0.0593891741721848
27.350254931234986,-0.0245729988345032
10.160108555955263,-0.1856625046550865
8.401426807189441,0.0685805284882973
12.701193013183042,-0.0244920262681301
3.175217591278322,0.0333422579429618
24.856413645268866,0.0246109718848876
23.60799263567309,-0.2226258865117461
8.860914537052935,0.2935082922488719
35.83046558275376,-0.1406380045349808
30.961693174047884,0.1160456390294677
8.373803801150352,0.4353575409601465
33.04846063858598,-0.0092495704063904
28.30953048464401,-0.0127768460371796
35.56305959703966,0.1285330573855355
25.82091109159106,0.2211650411088964
22.9746868761738,-0.0221109563221639
7.461363296613927,0.4448064120618215
27.510107936932144,-0.1065237954927758
6.825705673169315,0.2389243452480186
29.832195648016757,0.0600529577455378
23.393741057641066,-0.0367976598159741
23.23622489598778,-0.1130408941558381
0.2670407255297297,0.319665152932674
21.301668331971907,0.0802622704146859
18.163909899822286,-0.0058706401554144
36.57473528947131,-0.0455660961167077
30.496468255025523,-0.1682835715614294
11.940307034570363,-0.147086954381694
20.852767158809563,0.2931387753119422
26.09647729877627,0.1063413336634884
20.25686355854644,0.0616292502090853
27.101915009537677,-0.1060955356823097
4.482102608547486,-0.6290201857491922
33.56962472945244,-0.0043312481216181
11.726940317595632,-0.1683897857083286
21.421642451930968,-0.0563048413154681
1.524622197661032,0.8664087024223082
23.06759289033327,-0.0065880122374562
9.621878043692472,0.0729635378787505
0.7794493915236073,0.6667550110678154
18.22949010388849,-0.1935178934616551
28.517838567538128,-0.2505812066127378
34.172932265439684,0.0885544188091228
14.24382333263164,0.2984722256324996
12.943192855668643,0.2730917407083911
2.885076190101861,0.0863534633131647
18.9387295918688,0.0629321472680493
6.58547001598542,0.0636833432217791
0.5568540273822848,0.4070752061606563
23.18306037188044,-0.1174509449656054
9.14795421351088,0.0264900849287514
22.618412080891307,-0.0816323454819515
20.384982602058084,-0.0518107139024625
2.520670027551574,0.4334670180474654
7.959540530760827,0.4371803251655951
6.953409922127023,0.200100760173326
1.05121071935618,0.7148686639592629
24.4081466436482,-0.1446393530479737
4.607603932825652,-0.5739065735278484
28.95320650879498,-0.0325925929380264
27.610792189778856,0.0339655580841131
3.265501718997398,-0.0098004307009566
24.403089638034515,-0.2198741255313823
22.828043898530463,-0.2300574308616936
8.924104844117046,0.2388439010082358
16.140851553011245,0.0314468617521327
24.205166180616327,-0.0202936521123103
9.174636263582425,0.056909452698373
33.78124457121286,0.2581666353923224
3.957942394931816,-0.6095362442541957
15.177891829616804,0.1577700614127302
18.84391810036908,0.0432795421746913
29.20029532386528,0.0742649678979105
19.59430005844188,0.1771529378134023
35.292090429655474,0.1899698658696974
24.041252291463834,-0.0272963528260835
10.581998171893192,-0.1757671522542505
5.315765023156952,-0.5469348470669304
0.6280665037340499,0.4665304015810389
0.6464950173271222,0.6195929783017912
23.98037903985679,-0.0127214975381259
36.46132410195341,0.1079149096184191
26.626854205984195,0.0782847943399992
2.5006416461932224,0.5967783846551202
10.356189726540286,-0.3500641292775445
24.584525771672386,-0.0234166230928945
22.39785290185305,-0.0793504395341347
36.90416965485005,0.0144591845002959
28.552135468645577,-0.134271971666655
27.3728068748233,0.1262895918392315
19.28701137868856,6.352810575205314e-05
16.652584150006035,-0.2535261541392348
31.09524658961791,0.0544060776534492
21.256462392570167,0.1999898198609143
9.836865837874988,-0.1069165087684173
16.682029080851407,-0.1187783613110559
11.786196471378046,-0.2054092323631939
36.52939052894403,-0.0366208112119243
35.276180827501534,-0.1690377076786664
33.976793179294674,-0.0128782044125689
35.979806362122844,-0.0254158154958443
13.21386943904756,-0.0194696171975631
29.477905651813376,0.020007799197593
16.224757599835144,0.0460090928520045
28.340034907088945,0.0289295470377267
32.91074348768795,0.099362972767352
18.234946331589686,-0.0977526586417767
9.623572288658137,-0.0480383473794902
23.124816474809997,-0.0304165558776407
21.542483708672496,0.2155691828845368
32.20591071216839,-0.0180040593305396
11.460465910563768,-0.2182339992343372
36.88081180777841,-0.0351788517787374
5.021301343642883,-0.4707426194258903
13.673832604927362,0.1388308870301985
4.702110064597498,-0.9321220607596644
16.149745418553184,-0.1855334490820809
34.7427409283105,-0.0212178891993246
0.2983835681516159,0.1677336610741051
2.670473731161169,0.3370271056170725
1.5667376955915602,0.8478756666978956
28.29799392982788,-0.0096459444269196
37.04857975584772,-0.0005135830852529
13.357653620781846,0.0999322007838308
2.136930492635945,0.6701383333291796
33.402333607822115,-0.005044054684995
31.93617179272044,-0.0307416380839362
1.8584701736614904,0.7780575490616213
7.0161566115832805,0.1978330601810573
25.956509215874483,-0.1118190232910048
5.910014024804174,-0.3047223118307158
18.90493810133648,-0.0711709087057214
24.661069612077583,0.0301940575473186
3.5258243251404937,-0.3479747136583356
34.241532101900006,-0.0187425311481301
20.94471265280916,0.0877566150122671
2.154220174307588,0.7052379307211208
30.62661007017448,-0.152708713223572
9.429748252196188,0.0261465351668372
18.410289689858462,0.035505324201354
19.593515134642093,0.107179472522212
11.402812193188677,-0.2471463657876583
9.173364186960033,0.0295532895206921
34.95495360924205,-0.130773740620765
6.675026052871322,0.1305761086973372
30.428994669747876,-0.0354101267095423
4.53568014766828,-0.5960497445411326
27.24866606430443,0.1084606434657888
1.6913472557426292,0.9995107079545495
31.57245741154672,-0.1270085029770438
15.264145261874704,0.1335895869965088
24.74123276499947,-0.1012656167530298
18.329493503585,-0.1568111991249231
12.001086146387854,-0.1799016221845951
20.898366375985564,0.1547373923169789
9.723550550992975,-0.0165181308145145
24.810013909697712,-0.1081946567605829
0.688689109187458,0.5948899955812674
23.401497181235506,0.0573121461650393
37.30022957408771,0.0215491277961074
18.853398211632623,0.0900427387356712
10.447262731461173,-0.3396704628486574
20.589891242366928,0.3084619092671983
11.516633429917173,-0.1818338541801903
9.902896760198407,-0.1978334230337026
25.6306842799861,-0.0097269075495794
30.44806395576449,-0.1993674966754405
21.065646658512588,0.0930774403231692
25.34011683468478,-0.1215300548226828
9.540189061791745,-0.0162716230007737
11.832188593549173,-0.0229562818310435
7.705332300492394,0.4450772924983351
11.395378086443118,-0.3154702762329663
3.788609596592776,-0.5959574305107832
27.67621028450651,0.0181129476831312
23.030478332858717,-0.1983708449726332
17.07081581114295,0.0042237206511416
37.00082011645905,0.0702291837218981
1.5146081550953678,0.8507334481125685
22.68766770192713,-0.014857745569197
16.232489944370876,-0.1324521110390707
14.229273559618578,0.2605109516710773
28.54189921235317,-0.0388382619141048
18.80411875983893,-0.0129817948913087
11.105065442701138,-0.3684398318386125
22.07361064931111,-0.2909871017116161
22.80267196388286,-0.0275158783320893
9.374238354324891,0.1711686395972149
14.149139586329904,0.2095507027758
5.555266078518403,-0.4111155955524745
17.02527687757141,-0.0530370764417627
4.662532142824626,-0.5774103988028099
32.31454180286017,0.0104018467880531
23.853639008483523,-0.1488291003411062
17.650174119034617,-0.2685324038965989
2.9300068474806245,0.1976245481916727
2.871419996315036,0.2324950204735484
2.234362644692468,0.6660516386242434
30.72481244848429,-0.0360884603989093
14.1048694266973,0.2090898157756943
19.26123825463705,0.0174324295789905
6.906446247491005,0.2770953943501345
22.60790247884276,-0.0826825490177051
4.106083564883519,-0.5700651786746475
21.36873512301533,0.2017607364658285
13.11133169631361,0.1176566716334683
6.786330900385392,0.3711923745428916
23.83113921786588,-0.1035875863227542
11.334705612433863,-0.1914190452698806
17.50651403840392,-0.1515633720021086
32.58788210478426,0.0067053684157153
19.71176689572046,0.1257961553020987
36.50033363708305,0.0599143548266178
22.217802265943504,-0.1165435051352647
4.356757608906536,-0.5948979238037453
31.810159381336337,-0.0266532492439913
16.783161552293244,-0.1676393009309851
20.23805880929241,0.0949117073258117
10.10179102870893,-0.3533426678837788
4.6732066738404905,-0.5514718043271929
36.56098754057358,-0.0042019485921834
2.1231679557986,0.5265524890813624
15.101880384411306,0.154303126358449
9.733601289131952,-0.212592784549645
25.49182140444417,0.0707987503623326
21.01467216364281,-0.0286495769763635
10.701870664917484,-0.3347906822946608
14.593651399437505,0.1082517955222206
16.292827824349214,-0.241807395767888
5.570789438730897,-0.2794836439810149
27.9444923648389,-0.0125059813434933
3.018405313578864,-0.0862499759776371
7.915470756847749,0.3692265951901296
27.313966379735085,0.0151438215087127
9.178637731377092,0.0309194913983193
12.75517269854448,0.0248753119782386
13.288955698242408,0.0789065760898336
24.587002877143387,-0.0066299011594077
30.686680249766336,-0.1183079085355752
27.83292874414957,0.0945603256391728
28.2961080384626,-0.0617348773647801
1.3236410915140513,0.8715147236633378
7.457645050603951,0.3906393150001243
3.2494786619457887,-0.0859552967875172
27.26978961959227,0.080772234604866
12.77785448089684,0.0046043237719305
25.942888974394293,0.1398000138428099
29.43606582457058,0.124680224789154
7.142964027097537,0.3313466580468436
23.10362490991477,-0.3040687418702905
9.50018065009037,0.0563537150628658
35.14042575879732,-0.0424895247226436
17.507053379135453,-0.23592754704619
21.03220944811944,0.3634642909928688
29.91156028822451,-0.0367953943627615
4.2776735515618585,-0.5817241223592023
19.386072363560988,0.2665399458893241
24.90889328948459,-0.0247271227538742
5.864017813539975,-0.2603406256705108
12.62516137012365,0.0100812751395722
29.502482719499103,-0.1060367413162768
33.99094936894083,0.0143694958388171
34.78004009974936,-0.0014380470794445
0.9316531312160488,0.7206902828727598
31.334689549264347,0.1181098953295199
32.2289867306144,0.0890395567664908
4.373583660855379,-0.5480302451408953
12.55253392790299,-0.0263703863740573
16.965701223503444,-0.2164990119027551
3.7070810183813703,-0.2810580546763944
30.9386401346092,-0.0862267409701255
22.72140260332748,-0.1627127072391186
19.422596628243177,-0.0273039219844948
11.267901594363025,-0.1850658475070127
14.864391018625442,0.3177642530321014
18.450781843905293,-0.0710138049353308
23.462001626817948,0.1085601512950104
2.381037566458728,0.6478633882319953
1.235537040135975,0.8481046844907789
19.23949243099516,0.080030479004447
25.898831811216045,0.146509121696342
31.83741974554749,0.0628519158452486
6.197248698379849,0.0391306529884914
5.6618628175525485,-0.429132288180557
2.644112724773576,0.3687184195292451
26.70680532695124,0.2991573895497676
17.766326786030707,-0.0278167827560874
9.086855023709465,0.1475787286601187
23.72458372932776,-0.1120185880993368
10.102568758248951,-0.0442228468614248
32.65652938073863,-0.0877172803707909
34.830619537463726,0.0462968881385748
27.093158035938185,0.0583970658489765
6.566296765966027,0.1754276109413414
20.04831370903133,0.3713879237020219
14.120637485397538,0.214125655417326
31.561225814429047,-0.0106444198382029
18.81854186958201,-0.0489481681286905
13.88244100795107,0.286719564340513
16.934924947616487,-0.2355167955391822
36.77842828582273,0.133785166647668
10.011681608257549,-0.0292301995780306
25.92023604448073,0.0245149188650126
26.89499867140093,0.0335840463811284
8.423206352856926,0.2840951628560317
32.39679729806315,-0.1584508185619438
17.03147953021191,-0.3343494096716836
14.232295070013151,0.2430103481163105
19.117465416809857,0.0513682250119631
24.885698597143744,0.1313457295519381
6.957747739309305,0.069248875879623
34.3231326514463,0.0761894511403763
25.49755836275794,-0.1141601026903053
10.25606753643992,-0.1744981290538558
8.9054261057614,0.1749772797022532
13.093018670595656,-0.0079914065644216
36.32330709981892,0.0183191754394191
22.04787607059964,0.0153465756877321
5.314955347741714,-0.4622569578489678
31.362974778802727,0.0262995019157241
8.465176584679828,0.1990930285171006
21.01722945644439,0.2057114013916011
29.78276312535428,-0.1089821313612496
1.7151480661434484,0.8889814501317772
13.6602884029203,0.2573978447093004
6.822530215633792,0.1312671654144174
30.170411295539445,-0.0215612263107143
9.200154737930546,0.17718186924451
27.67662118608106,0.0148489938025289
10.64238530100478,-0.3312322456007731
17.655800678186804,-0.2368008534576922
19.194116403799896,0.0006092792084675
37.63589177420218,0.1236062697862417
23.43820164775791,-0.0725523915251467
2.0502380420759447,0.7870164996609749
19.23516456626374,-0.0184892209153171
17.480356731929227,-0.1509868575194733
14.021617594957227,0.264690742311638
0.6571147784681381,0.534189841877069
8.90934198867393,0.2803094760930402
2.4121805061370645,0.4165475947724425
2.47439254375447,0.3888742079946137
6.132469114083745,-0.1136275585781027
34.06499639387748,0.0620484673311378
34.5885599256996,-0.0033487917766389
1.491647636285476,0.9864510070818256
27.914227760885005,0.0295703309202159
27.876137688690456,-0.0209404698748709
6.646495786278146,0.0768354624952474
11.33348257603537,-0.2335428286096343
3.713228760507056,-0.3372375575722888
8.745824217355043,0.2390578601071818
30.36436923670156,-0.2043903693198829
14.42381253761316,0.1842909813196258
1.8680192486555227,0.7267076345835142
16.265890495126186,-0.1853966535647955
4.782006127866646,-0.6036269929924207
3.89111681415884,-0.4763733217064862
34.67813631140603,0.0538440856733278
7.9689350174482225,0.35753556778438
4.528969601576101,-0.7017696943111142
29.86124091180825,-0.0622514408394169
9.60500761544734,-0.0976761179694927
30.045255933777806,0.1530200619877728
0.3152221494808154,0.2700537942953833
16.998266940390742,-0.2838110903356795
8.813245656364906,0.2429366713859161
15.67741757682134,0.1198408686492629
3.8871318052896777,-0.3802715376908805
10.093201519253316,-0.3304700625930903
30.32510991471627,0.0897823898159483
11.934052193281577,-0.1923432292068072
26.31154443299974,0.0911266742561348
17.94525501317832,-0.0497560073655641
19.82108564509389,0.2516913738158298
10.066978543732397,-0.0654004208321497
8.160433318453343,0.3344884568753165
37.11256353345304,-0.0319803727739269
5.271887013238663,-0.4463774179086037
25.473308452456084,0.0467354913032498
9.199100190043795,0.0105724569933193
30.788810258528347,-0.0044714605356565
8.066541279470046,0.3944650652542557
22.836112030450455,-0.1057792722197133
11.344820534119476,-0.1479769934439439
20.817812109612216,0.0380339674779692
22.24561407247385,-0.098289508771705
2.662929983067324,0.2545115943454098
8.629950887319293,0.2932348971098213
4.869208790821823,-0.6417687802387926
33.69806672322353,-0.01424201858096
9.71244594121988,0.0095360359110424
7.61014849496689,0.2644882484668432
28.083074553136072,0.1634835805844617
1.639840323803713,0.9426892748409372
36.00177263387925,-0.0583079914157996
23.29418646404673,-0.2709918706433357
36.129582027944686,-0.1734530147944764
1.979533775346599,0.6911244065011617
15.227601262297751,0.0523828557620106
7.32581437776121,0.447180502343691
27.041551150711232,0.1126407903006025
9.231677910200274,0.1295663852401304
24.596437274030546,0.2612498123426481
34.05431083537274,-0.0549344861094101
15.62984338160772,0.0768502579850342
35.32124971720038,-0.2291976794402869
6.06314433250291,-0.2027322224345522
8.671736821870606,0.2150212418139402
19.597836067051706,-0.0557038870960305
12.15765532349906,-0.0558929130936271
17.62552393163884,-0.1914549241288817
31.548420783711634,-0.0478231297095711
27.605136675963564,0.0642850274567385
21.213237054429133,-0.1325683390796954
35.920888845490424,-0.0780264251972251
17.855902455265365,-0.0463290259055933
1.4233471146233596,0.981203508250942
14.614373170806514,0.1637878352986319
10.126738778532252,-0.2478871267471065
15.898339712288074,0.0426375364088238
19.04955897966005,0.1128645308822974
17.321232310589963,-0.2389785352118895
15.65108287463658,0.0337443632941098
15.59798908677723,0.1162792141811073
28.76906366429268,-0.0813922723448562
0.9649475073777836,0.6237781015621388
12.36673543590315,0.036802735868725
24.829659771872038,-0.0254410980059216
27.513227092272736,0.0659133664219579
12.541662799745202,0.1155445042155658
36.94708682670882,0.1242159546042623
5.250331905742978,-0.4042602127812354
16.798639179996083,-0.3973323157445334
33.99732548048239,0.0095624565090703
3.345055356612729,-0.1692651719085256
18.34318699551857,-0.1626432511261921
18.58639390203132,-0.1543523395728787
26.373610414162908,0.0350143325168202
35.607040178170855,-0.0006203727920365
14.972777225615426,0.167492472258602
11.529833485432894,-0.4051177582521832
2.8447431872591107,0.3706474565099972
27.93420403511156,0.0189160885531441
34.46954897538345,-0.0957675895844871
16.585213878344106,-0.1668927968553536
7.212876353396479,0.5355627543348465
34.9734556205886,-0.2191937472060156
6.742817106821833,0.1515519450421615
27.08578207017685,0.2942209223238183
13.731344822929858,0.3677032818080707
24.055852928770264,0.0866498996162071
35.1314253437209,-0.1604275990498258
21.92719750035831,0.0862264869540407
30.2589917777446,0.0146059540183377
26.182623466930224,0.03229845001638
37.046157825678,-0.0773353026900707
36.68752859270805,0.0232609999781311
31.231342166484787,-0.0044604198017036
26.868004523729056,0.0858327208102109
22.550778451750062,0.1445713800819159
17.061603893379445,-0.0840207006179802
6.643615477183871,0.2144299160400463
21.966834219655645,-0.1570223277343683
12.143806332264091,-0.2001365861508517
9.141898936353156,0.0704739512743582
1.8375905984529584,0.7870283809038993
22.55630394937867,-0.0249908713946404
22.91766548246649,-0.0203995576971897
28.441446722639345,-0.0785293914194221
16.681915010110995,-0.1324328226001387
9.7904157407395,-0.1789231652943502
25.94317122964041,0.0868518401447262
10.832444183242345,-0.303992842182853
8.693024290608488,0.326780728052448
9.173560986409193,0.0442200299208429
17.076319518077177,-0.4048916304414042
28.02406967695291,0.0199060511246515
16.431898700714736,-0.0985885160974131
7.020210658801385,0.3189413930449703
3.4697048113242843,0.013860794212706
31.39205777117593,0.0316221380483298
5.266319689074075,-0.5396573636788295
7.156107271524268,0.4847465455797433
24.831451048377904,0.1023408029365745
19.31320042060133,0.3549799076616787
5.451705123644919,-0.5537923182634448
37.33825313948014,0.1588866600108573
34.773867484690435,0.05922244245075
20.942236457923237,0.1440432626501961
7.782062772950146,0.5389559536372708
17.929746708155317,-0.1234251527304162
30.78923725396038,-0.0777361514733668
24.20643238856021,-0.1037963814351838
26.53758277703505,0.0390382752991241
6.639799059477055,0.2714143058590842
25.26676230806809,-0.1132788724895448
9.172942954676834,0.0625157576333787
15.10228337892768,0.1926182152709848
6.523046061010135,0.0746265294189032
15.487635093227675,0.0867070341813896
28.38558084420237,0.0229416390019998
9.309950711789034,0.0009281774340128
36.8257029318432,-0.1172729868513549
15.541557140250038,0.0566451290818671
21.58423529323897,-0.2324178230637305
36.111131291826055,-0.0867985586775399
25.515449645257878,-0.0259537523440915
19.22423852156596,-0.016709769268708
13.491258855772472,0.3626338807204955
14.082573197480384,-0.044885439945864
31.586496277300785,0.0882968497412937
8.644831227208451,0.1052418406210952
35.980989274288945,-0.1222597700237761
35.58831217822099,-0.0781025026430037
0.0018907024924461,0.1670253981292919
21.460129357840373,0.1354147273616278
14.236503200871876,0.0028013146514942
35.64702961582201,-0.1112809982765679
28.113334402014573,0.0156636786838538
31.87018411387826,0.1121216943292007
16.571326424236958,-0.0767884813821091
28.687858740573628,0.1136794085552877
18.81258564766273,0.049517058779044
36.63304950047495,0.0978592023178597
15.39865217442946,0.0714583041384375
12.710841749624937,0.1269156013317259
12.9404108290406,-0.0042923189663308
16.09676460087185,-0.1585017328400998
1.3369732744082774,0.8804650554701201
7.013756111628792,0.1854388809797999
34.99006923539046,0.0870681537705336
17.980936359801248,-0.0359470332054871
8.307948180546122,0.3835717007311963
12.24405248734661,-0.0159679320950842
6.766254462422854,0.307879071542958
35.512580437245234,0.1528691950455961
19.69490016592508,0.137861508190144
24.670888131141616,-0.2320687866372166
36.17369326250388,-0.0333207651860707
14.556800361820992,0.2687467842839149
12.819088324387716,-0.1107967599233976
27.523855286708688,-0.0763914812638484
16.904371677855497,-0.2444019710985169
11.234721075780952,-0.2196131311923654
16.70902719355307,0.0212455900007992
32.867663070192386,-0.0273120445405071
1.8029039579904933,0.755409659487495
28.118294978714506,0.0920723246423801
27.584119471687817,0.053461019924016
6.11187133304337,0.0167930128230366
0.3302751722359069,0.4004494267779009
19.674615746604108,0.0487610975786505
23.48954711595953,-0.1700929444420611
25.019759525044297,0.0004282535686534
36.86563748395629,-0.0249787696642336
13.237735606978353,0.4692913554260555
18.434600105654045,-0.0498781908140813
6.804618462205808,0.1535534393876613
17.290067463088068,-0.1534646377330057
9.09067666904123,0.0413594919289
25.466163171699566,-0.1404031663522763
32.184033750953304,0.0679938009259726
27.306912341016066,-0.0690560940005814
29.34713168451913,-0.1076759977280971
2.4592062352702038,0.4900756779896188
16.999775212939777,-0.1282637999323882
25.470194321961728,0.0082568282592796
23.44861395603387,-0.0636394950485827
19.775460042503205,0.1713748768348333
15.262721607695642,0.2079415484677638
1.2998398385615964,0.851255059724408
16.095143629451492,-0.2432659215615014
6.1499938028120384,0.1633511661433799
22.466283468951428,-0.1690723535362642
29.76653464574556,-0.1950553130222159
14.473708365869596,0.2398077073870263
4.922380251376686,-0.5979754455281202
12.356585289958206,-0.1961903310137913
18.560729413990146,-0.1200972996857028
20.940567403566757,0.051070489050755
24.557034242331973,-0.0444478004335915
35.06219826206039,0.0774174993097219
33.85977586967054,0.0871585070080083
6.885323178927076,0.3547411282932572
11.376933614068871,-0.2678250193322373
9.892193923749138,-0.0155992745837042
5.651615140215688,-0.3006971729003147
13.98004088851298,0.3074184110821105
20.50965284843008,0.1864786157206049
24.749077680564376,0.1046696570682105
32.27117847532797,-0.0815442559419268
28.20259383614504,0.0003631336819108
12.43950051451898,-0.2039509272664564
27.17243480629453,0.1035537842705655
8.405825992205925,0.376327674465386
14.304317837085524,0.216214406633605
14.26559006242192,0.0438764411773558
3.419685729727358,-0.3577706240521929
3.720029598120515,-0.3452527346868959
15.231378328910973,0.1043039392838535
2.3648392919393064,0.4599666558637075
7.57548679471419,0.5508760433465654
4.107010855002004,-0.3859518968501163
22.605211093065627,-0.0845106238106449
21.027138243408864,0.1199504868400606
9.730679856971271,-0.1149669030428884
4.50481256513499,-0.3612919858880392
19.69781651769004,0.1897086509272153
6.483649229409153,0.2203480568648795
14.31373902625212,0.2424914301386753
26.637781203853372,0.1885765015480555
10.879625208921007,-0.3832066485490107
22.442638224737983,-0.0319597104884944
5.085733370949883,-0.5226635396725331
8.18793276088688,0.440813882849841
4.163931953963179,-0.675878414746307
27.10143963609233,-0.2486679012882464
27.04427601585887,-0.0982371991138226
11.884983289388863,-0.0972740041013598
10.398697862535082,-0.4359885157578105
16.94946384340731,-0.0232437482449491
19.201640041051487,0.1942464055035909
7.969846169925763,0.4056922267321821
23.42786070612676,-0.171819584853311
15.36788787392591,-0.0634745134788757
3.1005926104136505,0.0659542666973527
19.875728175662,0.0083473565537849
16.915497237568974,-0.1169760481723273
29.158861635154715,-0.0836095615333103
30.84044513637467,-0.0866948349654504
34.53016254795569,-0.134871820865792
19.876481607983447,0.0960388151765829
22.94052111198819,-0.0951512735090795
9.248446301654749,-0.1104360080910199
9.1326733350408,0.1192783720087308
23.77369780909669,-0.0472325487286872
18.596403565332174,-0.0827205661060312
10.709911882025663,-0.1869211669134053
6.462303331293778,0.2691993797256619
28.13303061962975,-0.0412786034192285
26.565688407103337,-0.1945955330519101
33.81673147452152,-0.0266634731810859
12.696364880100324,0.0328402039374701
28.415675790095623,0.0103216871495925
15.317718357875528,0.1932555487992047
10.912583984347446,-0.2051730286096274
2.584225194425313,0.5245683675535823
32.08891207245774,0.0822096948443808
33.76530141313064,-0.0342479713744306
7.063979492803288,0.3144478735234112
27.03034642997542,-0.0646856954725594
36.424194551693006,0.1492381111894752
17.07325528696146,-0.1544332240200905
12.478840340396792,-0.1240661343807372
22.735423927146016,-0.1668365001659131
4.773024963290548,-0.5574509748590525
21.85132803634312,-0.1189752519367326
10.262362937641129,-0.452459518052306
16.867105332004794,-0.3214542823389691
20.51985559547978,0.160191153757311
22.344105746199187,-0.0219927061110091
0.8377997948071603,0.5638908799802408
15.271665979029304,0.0193822088170472
22.84378995538424,0.0496535559669757
30.970342377156573,0.0485608973327253
26.75912070564378,0.1571762215785932
2.499953461261765,0.3992475279727432
17.295675780667235,-0.1200359807430744
30.021913499267423,0.0371789244888242
23.79761499050487,-0.0163953806244318
25.24223484732736,0.0773760660457967
5.4656965725190245,-0.427449682211527
11.141508625129289,-0.551207610132872
21.916309353995835,-0.0057850824511938
11.596529184513818,-0.447006612500003
29.206917289377927,-0.0053910569827297
10.509228261169708,-0.1901028692801162
29.451478339595564,-0.0505943626828368
20.317495431119227,0.2776065841869077
7.50226286427727,0.4462088201203283
23.07195648957507,-0.1654979408246056
5.683696601131864,-0.4131368314673397
20.66317021842834,0.0964906130505749
5.232608235068461,-0.4971261808208621
14.392792569287918,0.3633704601272572
21.24627950428471,0.0527601796495743
23.53653217298848,-0.1877776709085873
20.070320321712902,0.1026005788897336
7.956343457092849,0.5331133314158096
28.099625273339186,0.0889007641769933
7.337545785578413,0.5408494877457198
11.407108683872575,-0.1558893255356345
0.1140061266960833,0.2917635905119478
8.154795409650736,0.4881395012614587
34.09538623553047,0.0820291040023559
7.008639948126383,0.4148095556097028
26.41182458756423,0.1452903596461506
35.45638507752004,0.1371227311028153
12.010668435906442,-0.2722157265627812
19.045742518606804,0.1151600358159773
30.704119209392648,0.0376012030577209
5.9858523647819135,-0.2597508715323977
14.160305575873023,0.2587033393369167
13.632057330549614,0.3008774493172394
16.78097643648566,-0.3733415346396095
27.83578252795838,0.1735771297029676
34.77236666137062,-0.0452339815358222
37.57407926208569,-0.0566989831057957
6.783337808556013,0.1955913653197725
17.53465113102824,-0.0372622689969502
20.43384218143478,0.0595335816257032
5.592708471229535,-0.357878396259169
22.53102845026787,0.1433570193922914
18.32730513544453,-0.1827714865607843
19.62272674311033,0.2233639748958188
23.34241283160802,-0.1954475364997719
22.544040135749555,-0.0134885647478927
23.91693792545472,0.0734869957516816
36.43419591814124,0.0853049966858729
32.95708473259105,0.0186546663211236
24.527631410436538,-0.19699650173125
16.27529784732898,-0.2002832002744723
7.377533248092083,0.4485103543517053
5.169645355070349,-0.5247298668456258
19.958896691876813,0.3387708873315754
10.39436547986755,-0.2103324165881632
21.103125423384665,0.1458739617945766
37.500658810014215,0.2258978085250317
30.20438974694127,0.0242046945077408
30.264931425702564,-0.1278858907994583
33.68839005266724,-0.0315546610680658
4.659005008517473,-0.7664922122022687
10.797847274530588,-0.3004880518559111
11.705129095069315,-0.2960803185751191
9.220601142895482,-0.0281339500011731
34.758303895393055,-0.0689067202372321
18.600033763179237,-0.0489529135795406
13.754970816833904,0.4142591159444766
4.45321730917114,-0.6818869173929054
29.79830111590116,-0.0299632099434328
5.99136560172182,-0.2118373752658352
7.49247866918981,0.4163597376805797
37.19417618745606,0.0275131336142299
23.28047567380477,-0.1038120085737043
0.1962123206177767,0.2614586292863023
20.01895798841984,0.0929284420978535
3.619841965968759,-0.3065850017133259
27.582790364335533,0.0163754090863093
7.060918092854011,0.4218515885060491
13.815137014576054,0.3655474336140107
2.3872792953871684,0.3866885136871203
27.362424363713757,0.0307621562770115
33.35000519204679,0.0260591095098386
12.054338978548689,-0.1324085060454159
15.850435844734433,-0.2639822828649908
25.50442937287696,0.1748148441808318
13.114108662011803,0.2114792548733508
32.41940752247841,0.13209004497105
18.328624951577808,-0.1023776167238654
14.756941826817506,0.3363613430509475
14.621120065717031,0.2069278641195191
11.716586215569595,-0.2116787972817796
5.849112583196306,-0.1555312598916173
30.378328133740133,0.053378774548082
1.7381723087592855,0.8516332653493229
36.48077799841374,-0.0978997872105558
14.637932324140415,0.1417804122926746
9.706022550663045,-0.1245346309746855
7.366575588429858,0.4888582673638892
30.371501715040228,-0.1687656814837659
11.255901138140024,-0.0465706984413082
31.218005353900985,-0.0674847760677436
33.614279979845065,-0.0423882702604353
27.380534598766317,-0.0072494387279236
32.53139784423068,-0.0088756759044384
27.981418084589198,0.1890867582302988
23.732327829583312,-0.1598848184754389
35.684281115572105,-0.2241932094300181
32.02010637114136,-0.028945904621812
19.506400779047457,-0.0806626221658473
20.13108044870433,0.2139501542080542
6.675060212850135,0.0374822244071238
28.92208412295301,-0.0109150964232411
23.44107736610666,0.1135120513794601
7.903425549547071,0.5616231712861186
0.3397089096368683,0.3478398131352449
5.319675388896864,-0.3597761983646502
5.2757038867573485,-0.6862711325337617
9.517171767323438,-0.0448645547920069
23.520991665379118,-0.0248466247597187
14.380148624142429,0.3361858268433526
30.11418469648055,-0.18741455463944
13.922309230813877,0.2615836290068627
26.394463221303635,0.143560918430725
1.2812474896160324,1.103715168382851
5.273043008122366,-0.7720627922411075
24.9917480335561,-0.0910898232395131
25.81999929232321,0.1108351753953889
13.509552066713283,0.0875541480325332
22.357266914163606,-0.1448646891821236
7.151987738474688,0.2264319989412297
34.60940614554037,0.0896287302572368
18.586976112222203,-0.1257125585317882
4.439229041598514,-0.720411267719629
10.119593252432928,-0.3587949627494243
34.9567900829991,0.0806631189062505
19.50125126805264,0.1153062882660244
33.788489196803134,0.1250303347304771
17.965427979010364,-0.1066091380982439
29.535882290546542,-0.0020860065404318
4.770945454675395,-0.6057348599590372
34.78647345964881,-0.044635848642242
19.17695504269654,0.0986576618137465
37.39228908310601,-0.1836961324721651
13.094812001293718,0.233278208858955
17.515027543089115,-0.3164148733458312
32.27815740252106,0.0191819043701821
22.528349723755746,-0.0462678601456962
31.73072015951456,-0.1729131016601519
17.72057652715781,-0.142767694808559
4.368266673718472,-0.7158751410603751
18.74773358770821,0.0575493663818578
20.280455169225203,0.3000480052059444
14.540355487404794,0.1458456955718274
8.065749630472595,0.2708803746005112
7.119994733510994,0.5425801690997537
23.318970725445556,-0.0925424348317134
11.425449499285738,-0.2182183926769297
1.8248042555405783,0.6441799235112753
37.08965680560616,-0.0598414441052056
4.783469478135971,-0.6976749157270975
0.950387611166662,0.7488029448530206
3.958014788286422,-0.4077066098079006
35.87699999491916,0.0218321068144544
18.699728759407,-0.0409818505927632
19.39799912033129,-0.0056969159741683
15.882168849827892,-0.2318973082453616
27.08072233984806,0.0241780581340524
0.6865613360613965,0.4616769373289553
22.09819933180987,-0.042398578747322
2.326117984104379,0.4632527379523004
14.813762881763704,0.2750024651949863
23.060499128220098,-0.2096071093444791
26.286904296657863,-0.0237224108935917
32.27546588367768,0.0941688075007437
35.782102628622,0.0324329158458395
15.708027037142104,0.0947076155788675
36.48794678856167,-0.1192597367664525
35.021018069594675,0.102960456729731
1.3166843200183775,0.782180815463357
32.320561559096234,0.2024355163676164
20.70750401907213,0.0996127378978176
17.89447408633754,-0.2805663344927178
13.653499439832766,0.1678438294984331
28.903873693792104,0.0608563060328455
27.428163653780064,0.1186442486675782
29.73771558316121,0.05413049595516
14.503670609877238,0.3325301307741619
19.630021604874383,0.0219382826615786
8.078966532635242,0.5294659160782242
15.1174067516434,0.0393382354929097
36.68329118070358,0.0513619577421441
19.567064601474343,0.2946116981295354
34.61787260171558,0.0955850025318773
7.888833136202767,0.4268627104891341
8.508268048050583,0.4643545256607251
8.311466818026659,0.346085263776936
3.6032909006222136,-0.3632844067443727
5.8612789836517045,-0.1565650225534811
0.7243765276745662,0.6366667532997758
13.58169823258373,0.314853730983985
34.607774774877264,0.0739455795504781
14.20126035280214,0.1573203528835396
27.43792071450975,0.1260764928003383
22.44860307053224,-0.0950413110564749
22.297356425979167,-0.1041093556124561
14.104113297316824,0.1090488251169485
2.238349042727453,0.6190586915261005
5.702216540146277,-0.2068724698257036
9.279487300865997,0.1339657081254431
27.09975268489644,0.0100129884039206
5.38430071952708,-0.3877246888479295
7.5283028287988145,0.5333981995803543
5.575187695593868,-0.3365463931031377
19.947190216379177,-0.0096936617687792
36.94790321754133,0.0644550476771806
7.896830100649984,0.3500283136005911
34.52865460455991,-0.1049495740895891
20.55642409520039,-0.0968475920074711
26.809151764467185,0.0053150708586316
25.347621548943582,-0.0261373437492415
31.567707421991603,-0.0507458607518447
8.620651614153562,0.3279939174860708
36.98861068800954,0.2089772338877726
7.651735150465994,0.5898264737188104
1.2019582770295674,0.7028201320189267
19.820738375321813,0.109943867013851
29.990391363008445,0.0612063278548359
11.668502496916586,-0.1701010196531752
34.10004231047351,-0.1085018595133838
22.124741460970142,-0.1332607424227646
10.464881246532173,-0.3704484820382116
30.76253363895548,-0.0635302262002415
26.070577747167334,0.0269448410996979
7.750903851566327,0.4521140934337314
24.207662763014923,-0.0170574513833114
23.38258649699503,-0.1825602530209231
37.2146830869205,-0.1554603861370964
27.00501032102941,0.1640368102769277
7.6813925777594045,0.4575239772141942
6.633439535622553,0.2811088225942644
3.734581818265691,-0.4567945788494071
3.3382064778185256,-0.0984910804888659
14.4653155711245,0.2675365051653466
33.43537325428871,0.0923188518285032
3.645692917725305,-0.2673822210710274
15.667255591302972,0.1136042916769533
17.596331735617568,-0.2457935833357337
22.98015771370276,0.0446407412456057
10.152036870252148,-0.2606941151189911
23.352936452109407,0.0569156804497253
34.2498503319886,0.0055540722976808
10.091601986771796,-0.1644072392657924
26.985013908323086,0.0757664320826893
21.561888502103496,0.0823704692272896
18.748762258781248,0.0096967022245983
26.640917093300963,0.0562368662010375
23.98738371814512,-0.1079453208454946
36.33688267118028,-0.0157252950233286
11.766005917342548,-0.3942614846674265
22.25630599356596,0.0764500849748171
36.7741796909797,-0.156498268015451
24.3850435665426,-0.1000556131565412
35.13213500974463,-0.0587731306706152
33.573016764971165,0.0239932868834284
2.8465384717315474,0.0997455409998487
34.61020174781465,-0.0424117488659544
6.929813114675031,0.3565671500691739
36.51131070546027,-0.2158984213952421
28.319003687673213,0.1932420511829657
9.644385031736247,-0.0237258545464679
20.22542210210637,0.2318864899201611
36.15870697140767,-0.2193559238338827
26.62591034057528,0.222408136579993
14.271107125411472,0.4081418041678472
19.410284417401083,0.0950542390031337
5.5683025499774566,-0.3143781617181832
3.200924994737899,0.0633036682735629
30.038381891619515,-0.1481907426834982
13.460352288761516,0.4171893457867326
5.498499724330348,-0.453545118893538
30.59644398186724,-0.0802459917498653
22.422209775464463,0.0172220402524322
35.48976855701638,0.1365488386477523
14.269508522185836,0.2634707480737857
33.99053187500279,0.0379869259440944
22.50392260706418,-0.1141254209427577
37.552405447095424,-0.0581517777458921
17.027163077640047,-0.2501449399893272
24.178279512731766,-0.1494633993644231
31.600613612935536,-0.1504355360376198
16.806199247783173,-0.0599570908169838
2.497314000411232,0.4238589456661438
13.518700737386489,0.3204538895538525
4.6793054714071545,-0.4848298457280157
11.66146560773419,-0.3346610042493392
23.77750792590633,0.0550618626952088
4.57156537379438,-0.5943207790624103
14.274791260288678,0.4055306947702125
23.897679637139856,-0.2651079883330191
6.670585000939009,0.1388943712388075
17.257196911162797,0.0587338316589618
37.595348168494354,-0.0547115587811203
36.562139498066685,0.0794048262759272
28.814573613251063,0.089521025586018
32.749299495247705,0.0207722298030422
30.72638079005418,-0.0023637338043435
32.91677367015116,0.0164696869470581
10.999599729665489,-0.4455213094483799
19.436739439880977,0.0098545118599531
9.881374377222958,-0.2468999048367162
11.64495692539426,-0.1840398678253355
14.360300115261673,0.1795698887866732
12.376197521298478,-0.1495230347103539
14.780762590980562,0.3793638238894304
17.208601044276925,-0.1808068661389474
18.833568697818876,0.1000605825900454
20.199015958936208,0.0239334708626901
12.33914118839292,-0.0434107755246913
5.24158436472852,-0.6448155191408376
29.21248247913533,-0.0727068886626487
25.40742672434363,-0.1793750480337854
29.91744691716445,-0.0356016296993235
16.70592530702667,-0.1979122373693607
11.81805147769947,-0.1108415859922224
26.080200453702474,-0.0105920941281645
17.748902033112014,-0.1898193452217309
19.71201974777017,0.0758354555685614
14.503729389218348,0.1631821472942263
22.928705662327378,-0.0489311806394959
33.31921805913649,0.2327253663927107
18.67967462139629,-0.1348684810071195
13.291875294022423,0.1688265050291797
22.37415769452581,-0.2104297438749604
14.635084602480884,0.2434114963122463
25.263152479538583,-0.0657930578474307
26.466272509874138,0.0719020518243936
15.879686104527668,-0.0023688496061263
15.65742890579151,0.0441651928722112
18.82425026149824,-0.0617091711852627
6.063916501104323,-0.0691352499022895
6.679263055164219,0.172080140941645
28.6072457813409,-0.144560431232473
11.808579239636222,-0.3490263017015592
1.208438758071814,0.8341740319921112
13.450904812265287,-0.0170650035748917
31.930946761831173,0.1002966221614553
14.659980450241996,0.3229792426436758
10.17452017539699,-0.1688742850431913
12.808977646155784,0.2038465543374154
18.58143066459412,-0.1449107926491308
3.809591643343008,-0.4284615819716828
6.784662872940665,0.324623630881926
0.953437166614854,0.764826815929928
21.49273028868518,-0.0303897060656278
30.23308210983901,-0.1352681481550294
15.81683075083034,-0.0365248911525507
9.32699166682116,0.2825163575267039
16.947491557585554,-0.2589660016053347
20.580962231385023,-0.0189296296019155
14.926137180587434,0.484863973544564
18.84916780291172,0.0080771435969824
26.00062700913366,-0.0210120200656662
32.09011943064108,0.195894855046202
7.55970669932391,0.5042369719992005
5.74218184807453,-0.3184049144090673
3.3326284554918604,-0.0999016352231968
29.50532539305837,-0.0218266028601278
18.20858000257773,-0.1411220665309571
19.686099747678465,0.1994935991988747
33.32834719975971,0.0640274920839132
19.39858074677881,0.0834882741970046
4.128265609227987,-0.5334948542114879
18.004695099796894,-0.0100040565405885
16.64221465289737,-0.0116117771420344
20.755988744385228,0.0502613199307108
28.59959273885944,0.1829019167333704
4.525493660209166,-0.7041648895138835
31.87484631367691,0.1369111901515087
24.385151099955564,0.027645581269383
1.9637816508719477,0.7446372880435005
14.690038562514536,0.3100581673679554
26.68420239832229,-0.0134233282077943
13.602336457854864,0.3167477668905731
9.964122265128005,-0.4157467745014325
20.86546759308461,-0.0424843647584686
33.76038272766063,-0.0694157851194087
37.09731624712185,0.053737919298536
20.480068606490065,0.1389589379209288
14.291373414784244,0.0284294851815433
11.122965577953158,-0.3359948281277854
7.736263100118492,0.5107300265018828
11.908995168802836,-0.1999844289164153
0.8898958243503092,0.7750117699070006
23.43166901514656,-0.1152768311205435
8.47280589611408,0.2678706391382366
7.825743469280565,0.4382536039473329
29.735832634477635,-0.06422335218151
25.8483351166292,-0.0216659866027893
23.88365607319665,-0.1071625802215985
22.62482917778971,-0.1309341787341422
36.899192051093536,0.1098188162275073
17.365646832856463,-0.2227562534685179
34.21619573226263,0.0591915803442973
1.098689844511905,0.925929629846933
26.142429634119438,0.10652465464892
3.5324760045361407,-0.2879449028358322
37.13269301914261,0.0005511060984409
13.252773880612608,0.1190580839160815
34.06658592377988,-0.0508514813309676
19.478194996445573,0.0930863260705296
29.80949418073381,-0.1166371654218747
28.77044765273285,0.0112541308223424
7.4152952321645245,0.4107304496287786
0.2733483257912024,0.1988758072870168
1.1080833793194085,0.7973666087733146
34.616089880093064,-0.0331153476087532
7.348093538291228,0.3990538672082876
3.945010120962768,-0.3915534075241571
25.709774386432457,0.0178920761399139
20.21295173960009,0.2075960721447259
8.945845651589432,0.2772263277812456
33.96434252962909,0.0167446114940647
13.712016286972586,0.394248405587964
14.029127214357578,0.2493123644694947
14.782820402730682,0.0611028556173815
31.950703353162798,-0.026760750874415
8.111306130953974,0.3981492589705606
31.003749695647283,-0.1239842948898535
33.02862109568608,0.1331400902743034
30.699135843604267,-0.1367240270967911
20.447385671329467,0.0810481964306662
20.67537522589016,0.1248785473373722
20.66778362170284,0.1507781520986997
17.678499979514406,-0.1482847033778219
15.752325242271636,0.0571760319952001
12.047442955875336,0.0224568513050427
4.068599927587132,-0.5288886554253684
3.720516683407442,-0.3352186717396013
33.20078708841669,-0.05032047150654
33.27896230508291,0.0672521826897055
18.995068571431634,0.0442517366710831
21.17407544644753,-0.0136617620683815
29.6216986241869,0.0506345319312749
18.67182459401468,-0.1240540735239218
24.30314085076792,-0.0709795294124663
21.08660206669993,0.0402344282593989
0.2488396310908391,0.3314914791696047
12.443294692052431,0.1666173382381936
7.240795735372814,0.4482288054057487
37.48173667874952,0.1086674787312688
11.619334534754554,-0.2386383535892267
29.629190532198376,-0.1164329543491125
22.0998783393248,-0.0535949966387962
25.559106126389324,0.1394244105715912
26.47203955793079,0.1541570200050751
12.474023614094929,0.044129788145685
11.280666294702169,-0.2565053040537201
20.701395107533827,0.096261131465311
24.24371286179293,-0.1045713614208425
21.254387693893783,-0.0646741179627677
18.04436978737329,-0.2144654678603963
4.7483661714425605,-0.5088812186743534
4.382237407722902,-0.5060411975859327
33.05400075952821,-0.103198403513748
28.394024369536208,-0.005615815751318
13.761278696410882,0.1181990720568071
17.965180813100982,-0.2595262076558745
29.55718635591452,-0.1305788206902678
13.962582483904969,0.2260596032878783
36.029833535178085,-0.0534997314024229
34.12061129248387,0.0540138602888533
17.479009784996844,-0.199625560050744
13.833654853045434,0.2941791135081759
0.3089625810311834,0.1244637047022539
1.073796243865281,0.7880682077578184
31.29108013845829,0.0199337146125486
5.759142597910333,-0.2675985366528098
36.99278014092671,0.0387717732256034
28.97180332401184,-0.1833878943706392
2.565031022353888,0.5549868445512821
5.408755759068413,-0.4298161188181867
12.6165886891824,0.0409215258823325
22.293258770385837,0.0647164365871405
25.83116414517065,-4.557820101817878e-05
13.501241165752306,0.2193632582708918
2.07676213635007,0.7908907761580477
31.16642499906863,-0.0055814260941198
29.20788153621662,-0.0979358856438851
5.048091629807128,-0.5524151790311267
8.25848976981362,0.3561309305868682
25.391783874448343,-0.0394835467486478
11.872998358000617,-0.2217881968672189
28.969511989009085,-0.1363843238338569
37.29999364993454,-0.1265274109459999
24.4677923017416,-0.0083109525122439
28.550605452093507,0.0829960072302437
17.650483795446895,-0.1148173851328503
0.5229246544313938,0.5906576525195879
1.7706353996285504,0.8654308375741084
19.676151972762288,0.0926970052794794
3.5965165797899026,-0.3951499231507193
33.74630694314697,0.1434865184004997
16.81893837344343,-0.1328730698794621
10.58592120747814,-0.3834224207391307
5.844002039443984,-0.2711839712454233
5.939217065232829,-0.3081304262617313
28.105388848819597,-0.0521726464440669
26.88990737538962,-0.0786448681295556
20.10905559813065,0.0147102721151138
22.027826438493125,-0.0308232348110614
29.104427589388067,-0.0187768723487627
34.01668286880301,-0.1083092171904233
14.163743680877824,0.2829839444257137
19.353091117125004,0.0213141616646569
35.180879313465454,0.0029762135915699
36.76216077100313,-0.1204260984572869
20.00293881399774,0.209009814916341
22.179783294222148,0.0926008171964009
3.5489887134173865,-0.1504171293860561
9.63861473936753,-0.2347230130409348
4.5976294483504825,-0.6182645013243582
20.46374922162995,0.3234420335968935
17.06945954209704,-0.1234491845610041
9.674333914640904,0.0381329820361884
33.42720796676722,0.0774855104013429
18.90009437046358,-0.1985802381510583
22.90156910115282,-0.1319107166998155
13.51412597692205,0.357734779219299
2.5432069258334047,0.3869719767436497
12.765434458672088,0.0472503083462672
14.871928730322956,0.1985504284940037
34.74510350736714,-0.0625182699113902
12.014464534008887,-0.2446157585879096
3.6465339726456993,-0.2348601772411284
2.228689716581492,0.6775149667652705
34.72405435621312,-0.0454148054672852
23.97578219230688,-0.1176418887893191
1.4059879382732583,0.7823105636358517
29.263096663179653,-0.1282000065075567
5.573646251592945,-0.4019391828073486
7.540999482795459,0.4248098999807885
37.39670309020554,0.0326373301782025
7.5449500063973085,0.4052203277366991
22.551105385636312,0.1640633331446246
22.785611485180564,-0.2346271950909846
13.073145054012974,0.0885186408677979
8.374385404312342,0.3566296800989544
27.73244167628114,-0.1268334626256886
16.35474114042778,0.0020296527003389
31.537861322755443,-0.1649142970669432
14.11335353296616,0.2475294456403403
23.268396036652792,0.0396739648192738
30.752515625171863,-0.0232677676634934
24.366377896807236,-0.0395380892438104
17.101783008722904,-0.2065554330370734
32.222519137620864,-0.0436049994081665
28.840067554854475,-0.1043687066172423
25.686626712981678,0.0130351209486147
22.469222678315504,0.0139981305405768
19.659381520801077,0.3535882453551704
11.38249100671911,-0.2742636671327673
12.8408375399765,0.0556451439235995
31.79178647486284,-0.088312407366859
5.861398250222282,-0.2962443799976349
24.377740375218792,-0.0501001980796692
20.778397854116918,-0.1113327159412182
34.78610870619726,0.124614523768156
15.445312004548011,0.1332577622464383
24.830841581615665,-0.1294745918686116
16.83206591755963,-0.1234912898290305
0.984178647291784,0.7450276218570071
18.02470101225268,-0.0233208096174242
26.778191390744173,0.2217893799733393
3.9077280136300567,-0.5811351784908412
11.161216004279105,-0.2032162995899709
11.533549368896844,-0.3976373188449291
15.553844727107936,-0.0484205266169625
28.980878496644557,-0.0858954243593382
31.03396751347044,0.0324959075777888
10.83567982421328,-0.4354472738719464
8.15675883038724,0.3396079174017289
32.84586092068269,0.1582450535877779
5.700097146345974,-0.3524491037767783
33.43459521393432,-0.2096260314128241
26.264880511514853,0.2549755165764477
22.510425898698013,-0.186256843483238
2.8287910134538925,0.2218904442791798
24.373136759865496,-0.1899743386597788
20.38330421075297,0.0784057857025631
16.306428950792057,-0.2346092419111148
8.372546848687872,0.4413871274462886
22.92498846479139,-0.1275441870008932
21.49589956958025,-0.0382203598958583
7.203572232375066,0.4695152392670008
13.705641796827342,0.1436684281787951
36.98930331058787,0.100833948851145
21.37016108426208,-0.0081927037963323
8.999568556429306,0.1840831078043674
20.13026418744459,0.1698089124064457
8.583216006995638,0.1592803143540486
21.179062356019102,0.1494565274830794
27.904224205691964,0.1459027748559611
30.53661018833524,-0.1232146938012961
1.436849181969898,0.7689993969821116
10.67220679219428,-0.2574599312516998
14.853925758300475,0.1260421532801265
0.6459447302888959,0.7572406453785145
32.51361532478052,0.0922013976188353
32.6430419081248,-0.01433675914489
20.760704075708443,0.3388528824921347
0.1152115243774845,0.230412430743153
23.26741378935102,-0.1726551911904226
29.56815664672813,-0.0535682123073763
4.658201527055045,-0.574227710706781
36.34729479938805,0.0435178079479543
35.1568198119196,-0.0281794536528353
16.804137403516705,-0.1296754006330109
0.3642105119700748,0.3934214999163707
25.086051937721148,-0.0218874624892575
24.35581129355596,-0.1262580601254367
10.814849626222856,-0.3104232921314084
15.264328975170743,0.1844990116762982
17.134775373795744,-0.2877673137220102
10.089750405257316,-0.2619860345554406
11.879772696622997,-0.1730487519659167
29.304048320510397,-0.125162500740159
20.6905338850962,0.1576956774897819
14.67017112966134,0.1433005846981946
14.214427369221644,0.1948149257435728
29.03023166258551,0.0180102108404804
36.742693102829335,0.1329560290266552
2.502719323576645,0.4554768670279101
3.104496388689713,0.1398929438035134
35.6986144822357,-0.1651304120999683
20.106530239733903,0.0674073546656175
7.063971324344113,0.4681856267083307
26.747411706657974,-0.1135468725908296
18.054610294032557,-0.0623964508282375
14.205018209432655,0.2370117968223276
22.753176377242944,-0.0246641856344754
19.727945005197395,0.1078850007646301
28.55485216040384,-0.0101793939692008
36.82895157895518,-0.0209362688962715
13.430208816601352,0.2671351871635524
11.501023092437736,-0.2871488601257969
19.57429315647129,-0.0268082966018009
10.442412653318767,-0.5193837026932638
17.043187667188878,-0.240993925169867
30.09879679596084,0.1903963250434618
7.159466461304785,0.2308866118199821
14.217337169757055,0.1916529006887875
16.171107278085707,-0.0036129867002431
14.303300608610623,0.256809607398518
14.102601296385687,0.287882868305742
21.39848922133801,0.0720905026973899
17.209056728631808,-0.145254242948119
21.34700964782379,0.0952335329516848
35.46705227126888,0.1502632363732899
27.63302372862039,0.0057919211976728
3.811475547518996,-0.4287145860580773
21.28941182962673,-0.0413992945152961
34.2363297013173,0.0658612708874795
23.08549942139799,-0.0856815201109073
4.742527753049355,-0.8106217697021741
30.781115242549248,-0.1204119657008797
35.57329823542736,-0.0149530643869437
22.615269362544577,-0.1625825185428391
3.561124769597258,-0.1832149937312249
6.404889702826468,0.0520895869531455
25.764863584820976,0.1683105973422203
5.899991499126756,-0.1875409137264905
4.149404365024775,-0.5053253450167273
8.06245108780705,0.4026143130776995
1.0456821130168092,0.7651796258400284
2.087791742512271,0.5955756411600758
0.5171824176058064,0.2731615354626617
15.057491580875626,0.0921730625366988
18.579701079362906,-0.0234005609872509
27.218477711416995,0.1391685599447313
29.684993184431505,-0.1008890148689028
30.52523364840247,-0.0201669592371154
0.889841566095468,0.6212238847254482
22.23911111641431,-0.1187176411534181
7.948818210900464,0.4977977107085585
17.69551148221419,-0.2259929601920322
31.087274125855,-0.0430576438839492
16.534449739966536,-0.1939398273120965
25.658051899768967,-0.1157246030624944
9.248845104008222,-0.0373849510960766
36.43874356039863,-0.0216574820467456
36.36975641124913,0.0262388944857445
33.475232837956305,0.0542636084407081
11.390558958492592,-0.3757861208513974
7.980378542654673,0.4213907596990949
1.4639717765566829,0.7115185363659775
12.138975991905196,-0.1267555768128659
24.256598819598064,-0.0968749711297267
0.3091439819666662,0.5016126179603795
21.895016241578112,-0.0537095515448659
2.532402477918453,0.3716121589510189
3.0733676640246057,0.1150340830485054
33.63904698635216,0.0479686259843676
1.6185245640416408,0.7220654058195424
31.229993932247908,0.1614988623064864
5.935218633143264,-0.1356544763931116
12.657379621373469,-0.0893639535524109
3.944519299434544,-0.5435910541446073
32.194043950938074,-0.1139757995825456
2.0823110309545982,0.740669543806413
36.98153976881619,-0.1789196463341295
16.682731745044528,-0.2201957286593168
30.74756410507628,0.0226096944605209
6.902687773715623,0.2289368897060755
30.86215616197372,-0.0846883747668933
19.0121365918942,-0.0120354806976886
9.252912118908457,0.0514806314508834
13.277370668840328,0.2724070241962714
31.14540946889774,0.0505913104877526
12.279499815637372,-0.0114401413406193
15.273446976355924,0.1666829071781329
27.89460896702647,-0.0868038662601021
31.578493541782017,0.2619830397049139
26.370372441382084,0.1223242692489743
1.2066054339838173,0.9577519095442114
28.985727417577618,0.1296884663959407
24.796294510728316,0.0342758531373255
10.827750728189717,-0.2595196058925987
2.138243911128175,0.6693271187837763
26.83936422002052,0.0399413230255181
12.930107492319728,0.1114552219249498
24.06652490498872,-0.192300901750492
17.104554816489063,-0.1526781682014303
33.28254633945034,0.0045952967505932
36.692756924224966,-0.0103461304159032
31.273675012230036,-0.0994401380246936
24.37329834324226,0.1023834952601185
12.772819623997982,0.0753369477635579
24.286835735947523,-0.0806764516439083
15.46558872937943,0.1625657712162436
17.07912972811816,-0.3867184141834546
2.623382219551835,0.2239922207968367
12.177576859839474,-0.0492594120847594
5.618511308390859,-0.3937089765620563
12.57450796044136,-0.0024331845425546
6.7231667410309575,0.2437797523178951
20.928342040468173,0.0300859959823941
27.248446674312948,0.1394307179547922
25.0216840236867,-0.038100723860632
37.20280322273101,-0.116346925947515
10.71911949491728,-0.068732390577762
36.95930051296069,0.1293171593893266
27.445769089313966,0.012507257734532
32.63918715822933,0.0694635824501915
5.958485017625293,-0.3140945369450305
26.68647751153129,-0.0068100546686414
20.02379217695664,0.0489252745220254
19.415962032253628,0.0483523436684317
34.35442280234812,-0.0218131586150733
31.489770427400945,0.0159760013736176
22.486452089173422,-0.1785903120063174
17.185945879138988,-0.1726682085023685
29.73010980854865,-0.1052878698516055
12.90823192280152,0.0469094320265714
34.39552717760022,0.0270450256686107
17.12852988337576,-0.1813810838072012
22.19194278939956,-0.1615101991214554
14.292433805741537,0.2071213028314383
34.286913273848825,0.0131035053090314
5.498908496436546,-0.515800105614747
33.10221087711849,-0.2004754076443764
9.609785299710037,-0.2791763482887818
27.150599129290995,0.1631113290705974
13.731541255455696,0.0061753432002406
31.65991764168169,0.0929975959048681
31.42382720138165,0.130271712504413
21.418247873846383,0.0437736713715441
25.328668725337007,-0.1438610851914169
35.530146006732,-0.0790377454599098
34.34123320847646,-0.0999677914826622
4.781614336380257,-0.6470457271192636
12.77572528771779,-0.0972159581886235
27.2736562220798,0.072730827422811
18.478245163066628,-0.2023906448608756
22.112036033256967,-0.1899801684528761
32.67791985147814,0.2648596472198577
23.45808652498767,-0.0195599887566472
22.942871803507497,-0.0107019423240295
7.0719202978707445,0.3993416612909651
3.313556074031925,-0.0575964740295432
23.10864899271417,-0.0231702527755042
17.715577128078767,-0.1454806808776424
20.14879682121672,0.134692001053241
10.284637472981572,-0.2243162472942742
31.123953025523463,0.0454128217296548
25.209802505136235,-0.0148016838432233
12.605612479080076,0.0130422374696872
10.09371987714151,-0.1538751101777304
11.612452723691094,-0.2015230032428138
21.20989483372523,0.1564185128549199
2.408858382660119,0.6257831883231977
27.943234047424887,-0.1075338420020704
29.32562270357005,-0.0900223336235117
19.519201800600857,0.0216069693302226
18.499509713194392,-0.1210436999746843
30.05296112357011,-0.0373933278210191
22.358882499374,-0.1224188915600388
20.292834619772076,0.2112858215280829
15.817279265096555,-0.0399918167229226
8.679978723630969,0.2260846554732193
31.74658347147353,-0.0337164555712629
19.950121553955515,0.1111423576172572
32.25831156240736,-0.2429761117146091
13.58256268618758,0.3954942257463596
29.32086905505218,-0.1562864333594373
18.543219633071285,-0.1283145888589048
3.926893852341405,-0.4357408611066046
6.9507307789564425,0.224226331609163
0.5915626454341822,0.4636076102745118
29.373071174902,-0.0570096196744802
4.492552497129258,-0.6691426242436643
11.337833328553891,-0.2612307173118989
5.159650392727142,-0.5462527765976836
30.62715774518941,-0.0789161496571012
0.8440130364986328,0.6252462693203021
0.8269567148053526,0.5242104500063957
14.11751238201018,0.1959375756117559
35.51995803321873,0.0228871021732865
28.67618572549999,0.0138167647993744
33.028330522362424,0.041761523340462
2.062908454285405,0.8381799360170498
30.98967776107977,-0.0293364522979239
24.678187559771665,0.1364542534571303
34.79165513479155,-0.1931638559152143
23.913052064156147,-0.0962585978854813
32.10752242104665,0.0847240056205595
16.033707546130387,-0.152493001226356
26.42558369554827,-0.0174804712187863
19.0989792652942,0.1455262687968124
6.725716718087182,0.1861400552136686
2.8692771395142924,0.2402219399605174
17.946390847507317,-0.2795900222163082
33.294636498428204,-0.0584539578222698
6.52715558993582,0.2065422191928484
1.5580671524090246,0.7112900431427446
14.498419688859697,0.229306442396793
28.87158281952942,-0.0839815145041953
30.34768677368735,0.1537267948063868
10.990883039361096,-0.480805586149519
30.73321913122302,-0.0267273375404784
1.8048362706998493,0.8509395546165869
20.823059078940396,0.0502595540318161
18.212372603509987,-0.0079576131668988
15.372414530185631,0.0283129291115215
33.62471985958459,-0.008634979156094
0.6204172641985369,0.5884376358931892
25.18993313263717,0.0430885580554004
6.324291826131255,0.0417074919386278
28.723730105500007,0.0136358722542842
0.5784154495185844,0.5818065152933833
28.83789113201815,-0.0705743060661511
32.71165084888658,0.094698137987303
24.56109866158208,-0.0734298256518949
3.982878619662562,-0.5386126043895598
27.58430936889549,0.1101578311727232
0.5412104341262319,0.4668302590705981
5.36885996017723,-0.3872132404453793
15.611154348074589,-0.0565976034729875
21.34991304023375,0.0482022623180383
4.276823410579263,-0.6102709621107197
6.945522376681368,0.3380868248720768
25.887808981285392,0.0412174971185591
5.287770967719207,-0.5953037678242578
6.55292435842478,0.102576189411079
0.0711548458895899,-0.1044172729286492
1.6332092257267108,0.857343010594046
2.773546803480099,0.4458027452439301
24.281119383065,-0.005926815900008
14.99913497962695,0.2830218225377153
21.885597512213277,0.1150948718356138
26.721822736175557,0.0275959821111661
23.333523322002065,-0.3680948598569166
12.617438324191223,0.0742807615013739
0.2215776395154869,0.3695904978291443
35.61649808596294,-0.2409668881989918
1.5452658472281968,0.7157904699943803
8.504692269182183,0.2716596732186244
15.774965130895698,-0.014260520838269
9.455849119881446,0.0534549471522387
6.472037330985812,0.0817557810588714
17.39116051828434,-0.0592524828643739
36.88231775402679,-0.0616104674363227
29.51480808885306,-0.1213041406366041
18.30213649721724,-0.0129954544961178
4.901969180746399,-0.3777981767609419
27.041001682767185,0.0833669892424799
16.92519622592429,-0.2060048248819727
31.41360444190399,-0.0493270158317322
26.6116369961526,-0.004997943723207
16.40265869916979,-0.3354921291884792
26.499151047372905,0.0142177635032104
14.112875121166985,0.0047341603306506
12.361831775986984,-0.1035232957232769
29.0986001203736,0.0598350523341469
15.440901124745729,0.0932212921534632
23.217616634158134,-0.2085923345845182
32.63506860297106,0.0615475825268095
18.316969996129806,-0.252914794974941
33.27899392524974,0.0572452739312544
25.28185763510274,-0.0418125207042331
12.326081048719196,0.0037207231241144
21.839863775915276,0.0524203868946615
26.681105882853423,0.0934021395365457
23.962259441558743,0.0578845885298529
31.97611013503632,0.0602044838907386
5.329395476842383,-0.5713789116399106
16.049717295674405,-0.1552863682805504
12.540041059498744,-0.0909878671360476
3.2479489802189403,-0.0908621104306636
14.679877506357164,0.2129558091870524
20.043062237456866,0.1199601359931124
23.035244745432525,-0.0731040740232333
24.406142762322173,-0.1233915498007423
37.66425860897915,0.1089339869349694
15.787778342395717,-0.0419885926739871
27.96834581832616,-0.0370785535891945
7.157655091432535,0.3626905735599311
5.83136420138734,-0.1165247812854092
9.623615275744106,-0.0266903486689407
22.610573079875465,0.0763819503145983
25.68333790295845,0.1349356737162796
35.26457507860246,-0.0105738280252013
11.58692009421018,-0.2662338203025265
6.819069207226156,0.3634252141855367
24.335271018498062,-0.1352508173079907
11.088916227797304,-0.46292427469604
18.245919006358847,-0.069670039382246
1.862300538480911,0.917305578612071
24.98241655861401,-0.0143599969348982
0.318850703311963,0.1405781741719276
0.2605820150890104,0.287333871026575
29.832651318268816,0.0210735763981969
16.151914412135817,0.0851878022291667
32.21589220769307,0.0130685402191004
20.10511090792192,-0.1096776052421424
5.623812384262526,-0.2930980147167935
26.38583521331768,0.175351152527987
3.1583088808818545,-0.1164464726987058
1.4438523509268155,0.8498190472034458
17.913938710927546,0.0995122729668832
34.905486526355915,0.0553745962487061
34.7741809117421,0.0143096216152917
14.42417788980834,0.2401867921557092
30.96633441603804,-0.0527518065706927
7.107843813440783,0.4619015821388447
26.89750006421202,0.0732783640967029
32.9342563408637,-0.0091625759364539
32.77024439451888,0.0100645037369864
7.543048742903225,0.2811115976037372
15.554748921242473,0.0536662360972315
19.455795518450927,0.2762717514545969
3.352122686496797,-0.1311862833776245
36.2988146115102,0.1817754253392446
17.977468634607916,-0.070209459187592
7.694120066568599,0.4989200894874178
24.48062467475644,-0.2504734219723647
32.74315875984094,0.038652442858105
1.1428465841251103,0.8634486047981023
31.20548446150313,0.0224156565552653
8.073823029006466,0.5698730686108338
36.06212684456001,-0.0101727768736789
1.085512305494972,0.726437763516295
13.616066280841686,0.2761032604156458
21.440074710200616,0.0405369568308049
15.789392751233532,-0.0481594101560538
6.945057516059144,0.3377733971911139
29.06574229757192,-0.1400305288559165
36.20370652973648,-0.1157681313332598
15.035680341131933,0.1745757321043042
19.841048275525253,0.2123077431317129
27.46385898536425,-0.0804947663745109
1.1218350166388105,0.7537951739494666
21.779148957645862,0.0704869305754873
8.526483217636907,0.3272475672666881
27.725694231957444,0.0318314045442808
25.697408575981743,-0.0604972620658621
19.53085437173263,-0.0215148759159502
33.038027772765304,0.1287531516749095
16.148706169248978,-0.0127441627140375
23.768792080946064,-0.1292348755992194
9.66403407592347,0.0037566334770952
20.01111256352541,0.2160700078726483
37.37451177055007,0.0358473840847094
9.425836645667262,0.0298084817030697
10.19686845862966,-0.303755796900275
26.08346616656857,-0.1479667576557412
31.72625474876868,-0.0454678647751882
12.753412355385674,0.117845448390806
29.757355075933692,-0.1280958584254542
6.0532645805116285,-0.0842239063906848
11.65400516683893,-0.0931094203253287
30.48261830076365,-0.0947710050550789
18.3243922353336,-0.3591650281275521
7.022354640757428,0.3079442850355539
20.563434335397385,0.2425441307850981
3.060218834227788,-0.0327631727871322
11.618081373032698,-0.4352403457673598
8.467339265755559,0.3729838701857976
23.072864091651805,0.0548537044151022
35.23265922037001,-0.02339429204528
31.30108010451026,0.0885680211048779
30.72359056853788,0.0082772345291289
33.90787214933913,-0.2206583438876714
5.0983763078928375,-0.4116174209785689
18.226132406491416,-0.0764224130362955
27.00306132329921,0.0430098722710259
24.836118781999584,-0.0046760375580646
7.389553714459081,0.5451933724711857
6.896220341080412,0.1576427704802527
13.383319483224028,0.203634159716314
13.80323451589932,0.3871091837115057
34.89071039604124,0.0868961403637674
36.8464848398766,-0.0622643820910803
25.441041139493443,0.1506108092857193
29.998071849166948,0.0359293524222408
17.030901701860767,-0.2922471324518852
28.289339715816823,-0.0008336413321545
16.55301981696606,-0.2304181775007088
31.54838968741148,-0.0634630856406074
30.28345300153804,-0.0279838031316204
28.779075621835545,-0.0087544927636954
17.85704416271812,-0.094748977922398
11.272136370187797,-0.3406342984772703
18.150720873808293,-0.3093676068432437
13.864957477283742,0.2927610927228924
7.503819116253881,0.4509701445462903
7.568075394224021,0.3701370558111507
5.689677329998447,-0.3310404439205329
36.11762330503765,0.0789893594232529
34.30335634325894,0.0412530734940823
11.381438636636284,-0.3874328848272932
21.08430553546081,4.328467838024541e-05
32.48164309278351,-0.1154013163898469
33.86468896989149,0.1106476078485327
29.09163701956508,-0.1449510705371589
24.97840763071957,-0.1156770442827998
1.803144371489928,0.4712826186672776
37.36678726705758,-0.0519008305732664
26.610480161430573,0.130263347772979
19.75211662856666,-0.0152362357425694
22.37304784847773,-0.1422988244238599
28.5299199889038,0.1106580279084982
6.982344230822561,0.4721403520164614
8.575340499576477,0.3505098205657461
25.71416962017457,0.1166622071364604
15.494848647277248,-0.0734605467396092
36.17151599092182,-0.0870654625178327
27.38238152929313,0.1602902245234392
12.58889653434993,-0.1276406068285829
18.400614227107223,-0.2358697644493221
24.9575899159613,-0.079050025552035
0.9318378991698508,0.8072754100623243
22.408190704418203,0.0311801969187931
10.416268600608603,-0.2504982497996836
35.54742188955735,-0.096584886832917
16.896306903379703,-0.178737773795206
29.910749854845093,-0.062273357603495
2.5968358735933275,0.4568139252552318
10.69487975083561,-0.3137864280142697
24.604371799613435,-0.0331549651282832
20.47279851462204,0.1280618684452367
13.39025978340355,0.1364453337067738
34.55223977622389,-0.0330727101523462
10.200076485081864,-0.167751154546212
2.878287789200008,0.3697846952632654
30.345529276992288,-0.098595954297706
8.33265443266351,0.444237748486768
19.3976995130158,-0.0639413075960553
5.264091949866537,-0.5743459922416716
35.27576738382481,0.0371426366494105
37.21446741559875,-0.1286909821369694
18.23133063340252,-0.1327757227596563
3.309411766214688,-0.0869672257218919
21.472196902486083,0.0351310584173995
32.24528346360151,0.0362506426871939
12.047787962596198,-0.2008449300801115
5.951305060040073,-0.2635922010625708
12.00851230107264,-0.2400502137304777
24.48074349907482,-0.0876247559845038
27.58823747663505,0.1915737389454369
0.7848255950704178,0.6171145421084907
1.9221925787429053,0.7778132720551723
14.702728506431653,0.186850672733183
30.312976769,-0.1217808056260687
5.1724828450313,-0.6491395205817029
31.081893962404195,0.0352930909738857
6.25851712500612,-0.1331693567727296
15.682954227775888,-0.0133660157831243
14.672863101836244,0.0491617369032427
6.318692809120807,-0.0773896019510364
20.616251869575613,0.2315178779787656
27.07584086441029,0.0847759092689466
23.139651561963067,0.0894196616129672
11.143577036411182,-0.3463899727436292
0.151089369034294,0.176694494267428
3.39764208043997,-0.2084788976556988
8.351775491447068,0.2593565313720466
3.3507297445005038,-0.0752434439377757
20.40292416101093,0.0651283524378621
24.14726547238485,0.0405159411046527
4.901452613951751,-0.5367188889207267
33.99657437630147,0.0016432305196808
16.726337573901088,-0.125598407863492
29.061937338749885,0.1041545988115563
28.9531493613253,-0.0102335139184894
4.425395426717016,-0.3414489667808229
2.025892905788885,0.8582445336489349
23.40895255288765,-0.259335092881619
22.324486882946157,-0.0584811872322622
5.286940919253464,-0.6019793902154101
37.05826620337116,0.0081470678905011
8.090057374702694,0.3620535604739529
21.091996985270324,0.1438443109935414
34.65584120972294,-0.0089030924575765
5.292118800955518,-0.4094455901205843
35.11251258803785,-0.0192214820612676
36.93989071511879,-0.0382437345090709
36.5444908821697,0.1355005842789988
17.929835390990856,-0.188078932535107
8.660455073197138,0.0878778819988184
13.769037205342167,0.0659660978842678
14.61460265383336,0.269202079504488
21.283571388293726,-0.0217882600004431
24.365800100963813,0.0180727476718593
28.24533055483503,-0.0215847005135477
10.5017086036926,-0.250478934545994
35.926314362947345,-0.0553210707872484
14.393022565672975,0.2056041388911871
29.412546556362475,-0.0503561162457436
6.059089809738794,-0.1082464389264532
4.94309484824543,-0.6845920143569505
32.82211278902905,-0.1187309907186736
21.632805515370283,0.0347448226917081
24.616730733445824,0.146436299734258
21.164790925439988,0.0856467662357998
2.353312550216857,0.3023881451678495
37.64202940289019,-0.1095709946526153
17.58253503529486,-0.1209704771479377
18.241922078384672,-0.2354726792581652
5.06150672486526,-0.6570660128971363
20.319302576086184,0.1914994832618799
2.3904250690776228,0.5959656259094164
15.87286460474422,-0.0788578642864952
7.971064722887616,0.3003915429912047
36.23573161626924,0.0468367802330693
11.093182979732086,-0.3685240669271616
18.38700535139375,-0.0056004243352979
5.905567834087544,-0.1457039099575347
1.9662449568439624,0.8189974819978807
12.677024175487514,0.1677181412805854
22.58799255287625,0.0190231946316745
20.340542351824368,0.1043767253485496
19.769591733531687,0.3001139905617144
35.47219714996122,-0.1106739630393233
10.47936774326758,-0.2705183528115953
15.625689294970496,-0.0713325272654423
2.051372000717949,0.6291131097433477
12.879378480430264,0.0035986443726186
14.095397372202028,0.2280271186822758
19.37912991793231,0.0819473183752557
3.6703555356364257,-0.1693902553191381
2.9896213442076425,0.0522846016745687
7.005087495523918,0.3889040118435323
4.758687481039057,-0.6652318421821122
9.055191072532493,0.1017243068983785
7.981899809133653,0.5679237675704847
8.72091150671497,0.2770846665074781
25.86695077454667,0.1120436441303905
12.09883670437711,-0.0529255860454889
35.29212100986035,0.0220207380916447
34.124052511748744,0.0985735780263684
21.325857894328674,0.057029566469244
12.340680039103582,-0.2327731353404802
28.880279483649897,-0.117360821180575
14.745828254277871,0.1873062878233817
4.501211552750945,-0.6104466333303724
27.821925438013963,0.0556633939546283
22.019116009142493,-0.1048652405840442
30.99043501769676,0.0464045515373533
29.62461667016756,-0.1054432875358531
31.583012001016023,0.1142477930305802
30.31374475204928,0.0783325121525577
25.66564444429823,0.1365559806264046
9.406468585926422,-0.1019912393170779
14.070037733336122,0.3076418294250416
20.97594848215565,-0.0403949778349459
12.52737508180928,-0.1010487312577355
23.392404818051578,-0.0027255558387405
12.42342980972269,0.1755064677286976
28.881050548140223,-0.1695582935272719
16.534085921039892,-0.0282661278248321
20.741743069784597,0.2121056251434211
17.516179569468207,-0.2884402695930367
21.62304524608243,-0.0024409585106313
29.33367489847869,-0.1407806423845997
8.019885899072333,0.3827998796820692
2.5895668519981454,0.382009743027462
21.29010800182163,0.0320417203264759
7.375902096357588,0.6700605282342866
33.431264277783065,0.0148551516069389
16.61083951252594,-0.1267706716456042
24.03731539101823,-0.084141813009747
15.28295544135956,-0.0066023402689502
8.338343860999135,0.5102388385958152
7.521652249122241,0.2313561696462496
27.062903044330547,0.0123864177084511
13.723209366532108,0.0925385844052792
2.963413754115295,0.0456279992545833
16.609309383902566,-0.2863302544396173
32.52107728561051,0.0660905129752203
36.173065030752255,-0.0167617296857083
6.989532814905627,0.3479837458258391
6.553106198816404,0.1240664875607592
27.93941265789682,0.1252980952453284
8.157176987265139,0.3562161708026271
28.761857522243425,-0.0464141038435371
23.68019037758732,-0.0329092668620033
19.69425866223068,0.1909639887550969
8.39689463150936,0.4183176614333195
1.5971224091506415,0.8257997767854471
17.359512124404713,-0.120043229102097
25.343389841954693,-0.1037133962719338
0.9363152494343407,0.5932016513737137
26.752264653587204,0.1506340587214255
35.201659284785386,0.0470384575945951
23.858252301844285,-0.2793913907153447
16.936660353231666,-0.250101349283376
21.464746837547285,0.0782297039104195
0.9648687973998066,0.6052735802624153
21.90384890542621,0.0829818336006802
5.115193126994479,-0.7286581441346203
24.278426016985552,-0.0720807313028533
13.851573477869447,0.1965320048196751
0.2779157263929174,0.1251421417747958
2.2530690657400525,0.9370477641776128
12.617341880754465,0.0606942780902907
27.994695920951013,0.0572946731518462
29.427544374555453,-0.1516356246086115
30.15498936024025,0.0092333563738375
4.584320478248803,-0.7647513094379077
29.711672194606653,-0.1818863355638158
1.9411753859655425,0.9554352194491564
11.63938627426352,-0.1148642545694991
30.959084160854097,-0.3176676940342266
37.01728505420088,-0.1181569153493372
15.618697052237028,0.0264491886432869
26.705731869935,0.0744189332250709
10.331360946414923,-0.3883945474889265
8.512754371219017,0.3620051007123936
23.675938395412174,-0.0413827654909894
32.865972725580065,0.0670647331179451
15.515534749960644,0.0413698241455431
6.302479749645003,-0.0970790093075481
5.025766929706827,-0.7009278307430916
14.473267409889578,0.1954729554690678
13.758798239932425,0.363122090260761
20.23237347509904,0.2662709677669689
1.629002244078496,0.830763472079199
14.172045320029811,0.1725425600650125
